id,booth,exhibitor,sponsorName,titleCount,titles,score,confidence,ok
"4","1F-D04","Koshizawa Equipment Industry Co., Ltd.","株式会社CRAFTS&amp;MEISTER","2","BLOKES on BLOCKS! / SLAPPY","0.27","none",""
"26","1F-D26","PepperBomb","HYPER REAL","3","SAEKO: Giantess Dating Sim / DIGITAL EXORCIST（デジタルエクソシスト） / Dome-King Cabbage（ドームキング・キャベツ）","0.30","none",""
"35","1F-D35","SECRET MISSION","G-EIGHT Game Show","4","ルビナイト / 生贄のアパート / Ringash / 仿品一號 | イミテーション No.1","0.29","none",""
"46","1F-D46","LeonaSoftware","SUNSOFT","2","Hard Edge - War Zone / ROUTE16R","0.38","none",""
"49","1F-D49","Jonathan Holmes (crait)","AMATA Games","2","超翼戦騎エスティーク / Save My Scrap -セイブ・マイ・スクラップ-","0.32","none",""
"50","1F-D50","Software Control Corporation","Screen Australia","7","Management In Space / Ascent of the Last Colossus / Jupiter Junkworks / Dungeons and Dining Tables / Slumbering Woods / Nullstar: Solus / Potions, Please!","0.32","none",""
"56","1F-U01","妄想ゲームズ☆","東映ゲームズ","3","KILLA / HINO / DEBUG NEPHEMEE -デバッグネフェミー-","0.67","medium",""
"57","1F-U02","HEY!","株式会社Phoenixx","2","MONOWAVE / GooNECT√2","0.25","none",""
"58","1F-U03","らいるず & ダックルーズ","ザクザクゲーム","1","RDの遠隔推理","0.20","none",""
"59","1F-U04","ClaGla（クラグラ）","Gotcha Gotcha Games","2","RPGツクール新プロジェクト（仮） / ACTION GAME MAKER","0.24","none",""
"60","1F-U05","SUSABI Games & Virtual Party","Indie Games Pass","7","LoopStructor 2: SkySpine / Deck of Harvest / Cat Squeeze / PlatVerse: Abya's Adventure / Shrink Rooms / Ashes of Pantheon / LoopStructor","0.30","none",""
"61","1F-U06","淺草ゲームズ","東映ゲームズ","3","KILLA / HINO / DEBUG NEPHEMEE -デバッグネフェミー-","0.67","medium",""
"62","1F-U07","TANSAN & ハーベストバレー","CANARY ISLANDS GAMES","9","Archangel: Demon Rush / Arico: Tales From the Abyss / Auditum / Master of Cladia / Microbian / OVER SAND / PlayCan / Project Node / Unicorn Wars","0.22","none",""
"63","1F-C01","京都市","","0","","0.00","none",""
"64","1F-C02","京都府","","0","","0.00","none",""
"65","1F-C03","京都国際マンガ・アニメフェア","株式会社ＣＲＩ・ミドルウェア","2","CRI ADX LE / OPTPiX SpriteStudio","0.15","none",""
"66","1F-C04","CAMPFIRE","株式会社CRAFTS&amp;MEISTER","2","BLOKES on BLOCKS! / SLAPPY","0.38","none",""
"67","1F-E01","BitSummit","株式会社CRAFTS&amp;MEISTER","2","BLOKES on BLOCKS! / SLAPPY","0.38","none",""
"68","1F-E02","株式会社フロムイエロートゥオレンジ","イースニッド","1","アイリス・オデッセイ","0.15","none",""
"69","1F-E03","SUPERDELUXE GAMES","Indie-us Games","1","UNDEFEATED: Genesis","0.44","none",""
"70","1F-E04","エディットモード","ラディアスリー","1","Thousands of Heroes","0.38","none",""
"71","1F-E05","玉乃光酒造","","0","","0.00","none",""
"72","1F-E06","BAKERU","Black Tower Studios","1","Dr. Oops!","0.35","none",""
"73","1F-E07","淺草来々軒","","0","","0.00","none",""
"74","1F-E08","スティッチコーヒー","電ファミニコゲーマー","11","UGOMEKU NOTE / Under A Groove / コロコロフレンズ / Re:Connect / クトゥルフ神話カードゲームADV Erase-missing link- / ヴェリタステイルズ：暗黒城の魔女 / 勇者パーティはぜんめつしました。 / Saga &amp; Seeker / 事故物件だよ！うらみちゃん / Pain Pain Go Away! / 多砲塔神教","0.30","none",""
"75","1F-E09","58DINER","INDIENOVA","3","小さな生活：上海編 / メジャーマン / 存在/しないあなた、と私","0.33","none",""
"76","1F-E10","ギルドバハムートIII","Pikii","1","Ira","0.18","none",""
"77","1F-A01","Devolver Digital","Devolver Digital","2","Heave Ho 2 / Dark Scrolls","1.00","high","OK"
"78","1F-A02","インティ・クリエイツ","インティ・クリエイツ","4","<big id=""GVFSP""><ruby>蒼き雷霆<rt>アームドブルー</rt></ruby>ガンヴォルト トライアングル エディション Nintendo Switch 2 Edition</big> / <big id=""ADC"">白き鋼鉄の<ruby>X<rt>イクス</rt></ruby> 1+2 デュアルコレクション</big> / <big id=""BKR"">ぼくらのキングダム 時食む果実といにしえの魔物</big> / <big id=""MJG"">魔女ガミ－The Witch of Luludidea－</big>","1.00","high","OK"
"79","1F-A03","KOCCA","KOCCA（韓国コンテンツ振興院）","10","Archetype Blue(アーキタイプ・ブルー） / BLACKOUT: Zero Point / Lone Chef / MODULE:BERSERK(モジュール・バーサーク) / MONOWAVE / Project Revenant(プロジェクト・レヴェナント) / Staffer Retro: 超能力推理クエスト / THANKS, LIGHT.(サンクス、ライト。) / There is NO PLAN B(ゼア・イズ・ノー・プラン・ビー) / VELASTER(ベラスター)","0.90","high","OK"
"80","1F-A04","株式会社ハピネット","ハピネット","5","モノノケの国 / アーティス インパクト / Apopia: スイート・ナイトメア / Stray / Tokyo Stories","1.00","high","OK"
"81","1F-A05","NZ CODE","NZ CODE","8","Canvas City / How Was Your Day? / Ten Thousand Coins: The Golden Merchant / Teeto / Mech Support / Star Catcher / The Florist / Toroa: Skycall","1.00","high","OK"
"82","1F-A06","ポケットペア","株式会社ポケットペア","6","Palworld / パルワールド / Windrose / ウィンドローズ / Truckful / トラックフル / CASSETTE BOY / カセットボーイ / Normal Fishing / ノーマルフィッシング / Never Grave: The Witch and The Curse","1.00","high","OK"
"83","1F-A07","Screen Australia","Screen Australia","7","Management In Space / Ascent of the Last Colossus / Jupiter Junkworks / Dungeons and Dining Tables / Slumbering Woods / Nullstar: Solus / Potions, Please!","1.00","high","OK"
"84","1F-A08","Kakehashi Games","Kakehashi Games","5","ムーミントロール:冬のぬくもり / Algolemeth / Serial World / シリアルワールド / Deep Dish Dungeon / Vikings on Trampolines","1.00","high","OK"
"85","1F-A09","GAME SOURCE ENTERTAINMENT","Game Source Entertainment","5","ラタタン / スターシップ・トゥルーパーズ：アルティメット・バグ・ウォー / キャッスル・オブ・アルケミスト / 電車アタック / THANKS, LIGHT.","1.00","high","OK"
"86","1F-A10","電ファミニコゲーマー","電ファミニコゲーマー","11","UGOMEKU NOTE / Under A Groove / コロコロフレンズ / Re:Connect / クトゥルフ神話カードゲームADV Erase-missing link- / ヴェリタステイルズ：暗黒城の魔女 / 勇者パーティはぜんめつしました。 / Saga &amp; Seeker / 事故物件だよ！うらみちゃん / Pain Pain Go Away! / 多砲塔神教","1.00","high","OK"
"87","1F-A11","Q-Games","KIC Games","3","蒐命のラスティル - とこしえの迷宮城 - / 超増税都市 / GrimmKitchen","0.63","medium",""
"88","1F-A12","Critical Reflex","Critical Reflex","10","TANUKI: Pon's Summer / No, I'm not a Human / Militsioner / Being and Becoming / Altered Alma / Inkblood / GIMMIKO / Drowned Lake / Burden Street Station / Cucina Stellata ✦ Starred Cuisine","1.00","high","OK"
"89","1F-A13","Ukiyo Studios","Ukiyo Studios","10","We Took That Trip / CRYMELIGHT / HYPERyuki: Snowboard Syndicate / Kidbash: Super Legend / Mina the Hollower / Shovel Knight: Treasure Trove / Rain98 / Sledding Game / Box Knight / VOID DIVER: Escape from the Abyss","1.00","high","OK"
"90","1F-A14","PARCO GAMES","PARCO GAMES","4","南極計画 / Constance / the Berlin Apartment / Finding Polka","1.00","high","OK"
"91","1F-A15","株式会社viviON","Pikii","1","Ira","0.33","none",""
"92","1F-A16","2P Games","KIC Games","3","蒐命のラスティル - とこしえの迷宮城 - / 超増税都市 / GrimmKitchen","0.63","medium",""
"93","1F-A17","G-SMASH株式会社","Graph","5","Aether &amp; Iron / Be My Horde（ビー・マイ・ホード） / Descent Of Lunaris / LOVE ETERNAL（ラブエターナル） / Surfpunk（サーフパンク）","0.50","medium",""
"94","1F-A18","G-SMASH GAMEJAM","AMATA Games","2","超翼戦騎エスティーク / Save My Scrap -セイブ・マイ・スクラップ-","0.46","none",""
"95","1F-A19","株式会社ドリコム","ドリコム","4","TIMEMOON / Quiet Express: Cabin 909 / Beautiful Life Show / Chill Planet","1.00","high","OK"
"96","1F-A20","tinyBuild","tinyBuild","9","ReStory: Chill Electronics Repairs / SpeedRunners 2: King of Speed / Hull Rupture / The King is Watching / Hozy / Potion Craft: Alchemist Simulator / Graveyard Keeper 2 / Drill Core / Silent Road","1.00","high","OK"
"97","1F-A21","New Blood Interactive","New Blood Interactive","2","Dungeons of DUSK / Tenebris Somnia","1.00","high","OK"
"98","1F-A22","株式会社CRI・ミドルウェア","株式会社ＣＲＩ・ミドルウェア","2","CRI ADX LE / OPTPiX SpriteStudio","0.67","medium","OK"
"99","1F-A23","CiGA（China indie Game Alliance）","China indie Game Alliance","9","ルナリウム星の旅 / 異星開拓日記 / スターサンド・アイランド / Ashes of Pantheon / Muse Dash 2 / Sleepover / 審判官シェパード / 超アロイクラッシュ / No Such Place","0.90","high","OK"
"100","1F-A24","アニプレックス","Aniplex.inc","1","OCTOPinbs","1.00","high","OK"
"101","1F-A25","東映ゲームズ","東映ゲームズ","3","KILLA / HINO / DEBUG NEPHEMEE -デバッグネフェミー-","1.00","high","OK"
"102","1F-A26","マーベラス","株式会社ジーン","16","買い物（かいもん）マスターとみえ / BITSUMMIT プログラミングバトル ～スーパータンクウォーズ～ / CyberRush override / ボムボムドカン / ダイスアウト / ハイローウエスタン / BESTACK / ぷちトイ◒リフレクト /  / BITSUMMIT プログラミングバトル ～スーパータンクウォーズ～ / CyberRush override / ボムボムドカン / ダイスアウト / ハイローウエスタン / BESTACK / ぷちトイ◒リフレクト","0.20","none",""
"103","1F-A27","iGi indie Game incubator","iGi indie Game incubator","5","ディストピア VS ディストーション / レプリカクラブ ルートD / ナカノ人格移植研究所 / Voyage Router / Cross the C","1.00","high","OK"
"104","1F-B01","INDIENOVA","INDIENOVA","3","小さな生活：上海編 / メジャーマン / 存在/しないあなた、と私","1.00","high","OK"
"105","1F-B02","株式会社スピード","株式会社スピード","2","モーションマッチャー / 宇宙銀河ウォーズ","1.00","high","OK"
"106","1F-B03","有限会社ウルクスヘブン","イースニッド","1","アイリス・オデッセイ","0.14","none",""
"107","1F-B04","松竹株式会社","","0","","0.00","none",""
"108","1F-B05","株式会社CharacterBank","AREA35","3","タイニーメタル2 / PROJECT BLITZ / フェリシティーズ・ドア","0.31","none",""
"109","1F-B06","Black Lantern Collective","Black Lantern Collective","3","Sucker for Love: Crush Landing / HR: Human Remains / Horripilant","1.00","high","OK"
"110","1F-B07","SKOOTA GAMES","SKOOTA GAMES","2","ももっとクラッシュ / 太ももうさぎの大撃腿","1.00","high","OK"
"111","1F-B08","SUNSOFT（サン電子）","SUNSOFT","2","Hard Edge - War Zone / ROUTE16R","0.90","high","OK"
"112","1F-B09","Pikii","Pikii","1","Ira","1.00","high","OK"
"113","1F-B10","パイオニア","イースニッド","1","アイリス・オデッセイ","0.17","none",""
"114","1F-B11","達成電器","","0","","0.00","none",""
"115","1F-B12","株式会社ヤネウラゲームス","エヌビーゲームズ","2","STEP THEATER - ステップシアター / 都市伝説.exe","0.38","none",""
"116","1F-B13","ホビージャパン","ホビージャパン","1","Queen's Blade Re:Build","1.00","high","OK"
"117","1F-B14","ジー・モード","株式会社ジーン","16","買い物（かいもん）マスターとみえ / BITSUMMIT プログラミングバトル ～スーパータンクウォーズ～ / CyberRush override / ボムボムドカン / ダイスアウト / ハイローウエスタン / BESTACK / ぷちトイ◒リフレクト /  / BITSUMMIT プログラミングバトル ～スーパータンクウォーズ～ / CyberRush override / ボムボムドカン / ダイスアウト / ハイローウエスタン / BESTACK / ぷちトイ◒リフレクト","0.40","none",""
"118","1F-B15","room6 / ヨカゼ","room6","3","UNDERGROUNDED / Thunder of the DemonKing / ショートショートフィクションズ","0.90","high","OK"
"119","1F-B16","Silkroad Studios","Ukiyo Studios","10","We Took That Trip / CRYMELIGHT / HYPERyuki: Snowboard Syndicate / Kidbash: Super Legend / Mina the Hollower / Shovel Knight: Treasure Trove / Rain98 / Sledding Game / Box Knight / VOID DIVER: Escape from the Abyss","0.53","medium",""
"120","1F-B17","ラディアスリー株式会社","ラディアスリー","1","Thousands of Heroes","1.00","high","OK"
"121","1F-B18","株式会社CRAFTS&MEISTER","株式会社CRAFTS&amp;MEISTER","2","BLOKES on BLOCKS! / SLAPPY","0.81","high","OK"
"122","1F-B19","AssetHub Inc.","AREA35","3","タイニーメタル2 / PROJECT BLITZ / フェリシティーズ・ドア","0.25","none",""
"123","1F-B20","電羊法律事務所","電ファミニコゲーマー","11","UGOMEKU NOTE / Under A Groove / コロコロフレンズ / Re:Connect / クトゥルフ神話カードゲームADV Erase-missing link- / ヴェリタステイルズ：暗黒城の魔女 / 勇者パーティはぜんめつしました。 / Saga &amp; Seeker / 事故物件だよ！うらみちゃん / Pain Pain Go Away! / 多砲塔神教","0.10","none",""
"124","1F-B21","イースニッド","イースニッド","1","アイリス・オデッセイ","1.00","high","OK"
"125","1F-B22","GameMaker","Gamirror Games","4","shapez 2 / Alchemy Factory / ペンポン / 退勤！パンデミック特急","0.38","none",""
"126","1F-B23","SuperDuperSecret Co.","Accord Seven Inc.","2","Marobi～ まろび ～ / Itsuki","0.28","none",""
"127","1F-B24","R/GA","AREA35","3","タイニーメタル2 / PROJECT BLITZ / フェリシティーズ・ドア","0.33","none",""
"128","1F-B25","Zandbox Studio","Black Tower Studios","1","Dr. Oops!","0.47","none",""
"129","1F-B26","トムス・エンタテインメント","フリースタイル","3","オバケイドロ２ / オバケイドロ！ / うんこ探偵","0.17","none",""
"130","1F-B27","Blue Backpack","Indie Games Pass","7","LoopStructor 2: SkySpine / Deck of Harvest / Cat Squeeze / PlatVerse: Abya's Adventure / Shrink Rooms / Ashes of Pantheon / LoopStructor","0.29","none",""
"131","1F-B28","Yellow Hearts","lowiro","2","In Falsus / Arcaea","0.33","none",""
"132","1F-B29","株式会社ジュピター","株式会社ジーン","16","買い物（かいもん）マスターとみえ / BITSUMMIT プログラミングバトル ～スーパータンクウォーズ～ / CyberRush override / ボムボムドカン / ダイスアウト / ハイローウエスタン / BESTACK / ぷちトイ◒リフレクト /  / BITSUMMIT プログラミングバトル ～スーパータンクウォーズ～ / CyberRush override / ボムボムドカン / ダイスアウト / ハイローウエスタン / BESTACK / ぷちトイ◒リフレクト","0.20","none",""
"133","1F-B30","スクウェア・エニックス","イースニッド","1","アイリス・オデッセイ","0.20","none",""
"138","3F-D05","Pokeso","lowiro","2","In Falsus / Arcaea","0.33","none",""
"140","3F-D07","Spellbrush","Graph","5","Aether &amp; Iron / Be My Horde（ビー・マイ・ホード） / Descent Of Lunaris / LOVE ETERNAL（ラブエターナル） / Surfpunk（サーフパンク）","0.20","none",""
"141","3F-D08","SPECTACLE","SKOOTA GAMES","2","ももっとクラッシュ / 太ももうさぎの大撃腿","0.36","none",""
"145","3F-D12","㊥Maruchu","AREA35","3","タイニーメタル2 / PROJECT BLITZ / フェリシティーズ・ドア","0.29","none",""
"147","3F-D14","Coin Drop Games","Gamirror Games","4","shapez 2 / Alchemy Factory / ペンポン / 退勤！パンデミック特急","0.54","medium",""
"149","3F-D16","BONJORY – Creative Studio at Kyoto Institute of Technology","Black Tower Studios","1","Dr. Oops!","0.20","none",""
"150","3F-D17","Nippon Engineering Education College","China indie Game Alliance","9","ルナリウム星の旅 / 異星開拓日記 / スターサンド・アイランド / Ashes of Pantheon / Muse Dash 2 / Sleepover / 審判官シェパード / 超アロイクラッシュ / No Such Place","0.27","none",""
"156","3F-D23","UGONOSTUDIO","Ukiyo Studios","10","We Took That Trip / CRYMELIGHT / HYPERyuki: Snowboard Syndicate / Kidbash: Super Legend / Mina the Hollower / Shovel Knight: Treasure Trove / Rain98 / Sledding Game / Box Knight / VOID DIVER: Escape from the Abyss","0.67","medium",""
"168","3F-D35","IoliteGames","Rice Games Inc","2","Shujinkou / 主人公 / Shujinkou Manga Reader / 主人公マンガリーダー","0.64","medium",""
"172","3F-D39","SLL Team","SKOOTA GAMES","2","ももっとクラッシュ / 太ももうさぎの大撃腿","0.36","none",""
"174","3F-D41","KINGOFSHIBUYA Ltd.","Kakehashi Games","5","ムーミントロール:冬のぬくもり / Algolemeth / Serial World / シリアルワールド / Deep Dish Dungeon / Vikings on Trampolines","0.29","none",""
"177","3F-D44","degoma","INDIENOVA","3","小さな生活：上海編 / メジャーマン / 存在/しないあなた、と私","0.44","none",""
"182","3F-D49","Team「Reverberate」","New Blood Interactive","2","Dungeons of DUSK / Tenebris Somnia","0.32","none",""
"183","3F-D50","AlSH","Aniplex.inc","1","OCTOPinbs","0.29","none",""
"194","3F-D61","373 STUDIO","Ukiyo Studios","10","We Took That Trip / CRYMELIGHT / HYPERyuki: Snowboard Syndicate / Kidbash: Super Legend / Mina the Hollower / Shovel Knight: Treasure Trove / Rain98 / Sledding Game / Box Knight / VOID DIVER: Escape from the Abyss","0.50","medium",""
"207","3F-U04","東京工芸大学ゲーム学科","東映ゲームズ","3","KILLA / HINO / DEBUG NEPHEMEE -デバッグネフェミー-","0.36","none",""
"208","3F-U05","しゅんて","","0","","0.00","none",""
"209","3F-U06","サメ","","0","","0.00","none",""
"210","3F-U07","ニアピンGOプロジェクト","ハピネット","5","モノノケの国 / アーティス インパクト / Apopia: スイート・ナイトメア / Stray / Tokyo Stories","0.17","none",""
"211","3F-U08","愛知工業大学CGメディア研究室","ラディアスリー","1","Thousands of Heroes","0.20","none",""
"212","3F-U09","東京工芸大学ゲーム学科","東映ゲームズ","3","KILLA / HINO / DEBUG NEPHEMEE -デバッグネフェミー-","0.36","none",""
"213","3F-U10","東京工芸大学ゲーム学科","東映ゲームズ","3","KILLA / HINO / DEBUG NEPHEMEE -デバッグネフェミー-","0.36","none",""
"214","3F-U11","東京工芸大学ゲーム学科","東映ゲームズ","3","KILLA / HINO / DEBUG NEPHEMEE -デバッグネフェミー-","0.36","none",""
"215","3F-U12","東京工芸大学ゲーム学科","東映ゲームズ","3","KILLA / HINO / DEBUG NEPHEMEE -デバッグネフェミー-","0.36","none",""
"216","3F-U13","東京工芸大学ゲーム学科","東映ゲームズ","3","KILLA / HINO / DEBUG NEPHEMEE -デバッグネフェミー-","0.36","none",""
"217","3F-U14","ドイノブヒロ","ドリコム","4","TIMEMOON / Quiet Express: Cabin 909 / Beautiful Life Show / Chill Planet","0.17","none",""
"218","3F-U15","E班（Electronics班）","Nestopi Inc.","1","Chill with You：Lo-Fi Story","0.29","none",""
"219","3F-U16","讃岐GameN","KIC Games","3","蒐命のラスティル - とこしえの迷宮城 - / 超増税都市 / GrimmKitchen","0.50","medium",""
"220","3F-U17","チームゲハナシ","グラビティゲームアライズ","3","はしれへべれけEX / みんなで空気読み。ワールド 韓国Ver. / ガルバテイン：冒険者ギルド事務所","0.17","none",""
"221","3F-U18","映画の清掃員","","0","","0.00","none",""
"222","3F-U19","ネコマ製作所","電ファミニコゲーマー","11","UGOMEKU NOTE / Under A Groove / コロコロフレンズ / Re:Connect / クトゥルフ神話カードゲームADV Erase-missing link- / ヴェリタステイルズ：暗黒城の魔女 / 勇者パーティはぜんめつしました。 / Saga &amp; Seeker / 事故物件だよ！うらみちゃん / Pain Pain Go Away! / 多砲塔神教","0.10","none",""
"223","3F-U20","ハードウェアとか研究所","イースニッド","1","アイリス・オデッセイ","0.09","none",""
"224","3F-U21","Interactive Materials Lab","Indie Games Pass","7","LoopStructor 2: SkySpine / Deck of Harvest / Cat Squeeze / PlatVerse: Abya's Adventure / Shrink Rooms / Ashes of Pantheon / LoopStructor","0.35","none",""
"225","3F-U22","Interactive Materials Lab","Indie Games Pass","7","LoopStructor 2: SkySpine / Deck of Harvest / Cat Squeeze / PlatVerse: Abya's Adventure / Shrink Rooms / Ashes of Pantheon / LoopStructor","0.35","none",""
"226","3F-U23","愛知工業大学CGメディア研究室・伊藤勇舞","ラディアスリー","1","Thousands of Heroes","0.16","none",""
"227","3F-U24","シンプルファミリー by Wonderland Kazakiri","CANARY ISLANDS GAMES","9","Archangel: Demon Rush / Arico: Tales From the Abyss / Auditum / Master of Cladia / Microbian / OVER SAND / PlayCan / Project Node / Unicorn Wars","0.21","none",""
"231","3F-U28","Tamakotronica","AMATA Games","2","超翼戦騎エスティーク / Save My Scrap -セイブ・マイ・スクラップ-","0.31","none",""
"232","3F-U29","Wataru Nakano × MIYAZAWORKS","CANARY ISLANDS GAMES","9","Archangel: Demon Rush / Arico: Tales From the Abyss / Auditum / Master of Cladia / Microbian / OVER SAND / PlayCan / Project Node / Unicorn Wars","0.30","none",""
"234","3F-U31","愛知工業大学CGメディア研究室","ラディアスリー","1","Thousands of Heroes","0.20","none",""
"235","3F-U32","MIYAZAWORKS","AMATA Games","2","超翼戦騎エスティーク / Save My Scrap -セイブ・マイ・スクラップ-","0.27","none",""
"237","3F-C01","Skeleton Crew Studio / モリカトロン","Black Tower Studios","1","Dr. Oops!","0.38","none",""
"238","3F-C02","PYGMY STUDIO","Ukiyo Studios","10","We Took That Trip / CRYMELIGHT / HYPERyuki: Snowboard Syndicate / Kidbash: Super Legend / Mina the Hollower / Shovel Knight: Treasure Trove / Rain98 / Sledding Game / Box Knight / VOID DIVER: Escape from the Abyss","0.50","medium",""
"239","3F-C03","London Games Festival","Indie Games Pass","7","LoopStructor 2: SkySpine / Deck of Harvest / Cat Squeeze / PlatVerse: Abya's Adventure / Shrink Rooms / Ashes of Pantheon / LoopStructor","0.42","none",""
"240","3F-C04","Games Ground","Gamirror Games","4","shapez 2 / Alchemy Factory / ペンポン / 退勤！パンデミック特急","0.31","none",""
"241","3F-C05","Gamirror Games","Gamirror Games","4","shapez 2 / Alchemy Factory / ペンポン / 退勤！パンデミック特急","1.00","high","OK"
"242","3F-C06","TAIWAN ACADEMIA INDUSTRY CONSORTIUM","Black Lantern Collective","3","Sucker for Love: Crush Landing / HR: Human Remains / Horripilant","0.28","none",""
"243","3F-C07","Taipei Game Show","G-EIGHT Game Show","4","ルビナイト / 生贄のアパート / Ringash / 仿品一號 | イミテーション No.1","0.64","medium",""
"244","3F-C08","Day of the Devs","Ukiyo Studios","10","We Took That Trip / CRYMELIGHT / HYPERyuki: Snowboard Syndicate / Kidbash: Super Legend / Mina the Hollower / Shovel Knight: Treasure Trove / Rain98 / Sledding Game / Box Knight / VOID DIVER: Escape from the Abyss","0.33","none",""
"246","3F-C10","BIC Festival 2026","Rice Games Inc","2","Shujinkou / 主人公 / Shujinkou Manga Reader / 主人公マンガリーダー","0.27","none",""
"247","3F-C11","東京ゲームショウ","東映ゲームズ","3","KILLA / HINO / DEBUG NEPHEMEE -デバッグネフェミー-","0.50","medium",""
"248","3F-C12","Game Grove X","Gamirror Games","4","shapez 2 / Alchemy Factory / ペンポン / 退勤！パンデミック特急","0.46","none",""
"249","3F-C13","RCGS","Rice Games Inc","2","Shujinkou / 主人公 / Shujinkou Manga Reader / 主人公マンガリーダー","0.44","none",""
"250","3F-C14","ホテル アンテルーム 京都","エヌビーゲームズ","2","STEP THEATER - ステップシアター / 都市伝説.exe","0.18","none",""
"251","3F-C15","ZOTAC","SKOOTA GAMES","2","ももっとクラッシュ / 太ももうさぎの大撃腿","0.27","none",""
"253","3F-C17","アウリン","ラディアスリー","1","Thousands of Heroes","0.29","none",""
"254","3F-C18","ウィットワン","株式会社ポケットペア","6","Palworld / パルワールド / Windrose / ウィンドローズ / Truckful / トラックフル / CASSETTE BOY / カセットボーイ / Normal Fishing / ノーマルフィッシング / Never Grave: The Witch and The Curse","0.33","none",""
"255","3F-C19","株式会社ブレインストーム","イースニッド","1","アイリス・オデッセイ","0.25","none",""
"256","3F-E01","MIX STREAMING","Gamirror Games","4","shapez 2 / Alchemy Factory / ペンポン / 退勤！パンデミック特急","0.31","none",""
"257","3F-E02","G-EIGHT","G-EIGHT Game Show","4","ルビナイト / 生贄のアパート / Ringash / 仿品一號 | イミテーション No.1","0.90","high","OK"
"259","3F-E04","IGN JAPAN","Graph","5","Aether &amp; Iron / Be My Horde（ビー・マイ・ホード） / Descent Of Lunaris / LOVE ETERNAL（ラブエターナル） / Surfpunk（サーフパンク）","0.38","none",""
"260","3F-A01","Catalan Institute for Cultural Companies - Catalan Arts","Catalan Institute for Cultural Companies (ICEC) - Catalan Arts","10","Underling Uprising / Is This Seat Taken? / Never/Together / Zaya: Rise to the Gods / Murder by Death / Kumari Samsara: The Living Goddess / Angie Magica / Denshattack! / Jordi &amp; Oslo: The Last Tail / Duskfade","0.92","high","OK"
"261","3F-A02","サードウェーブ / GALLERIA","AMATA Games","2","超翼戦騎エスティーク / Save My Scrap -セイブ・マイ・スクラップ-","0.20","none",""
"262","3F-A03","Sony Interactive Entertainment","Game Source Entertainment","5","ラタタン / スターシップ・トゥルーパーズ：アルティメット・バグ・ウォー / キャッスル・オブ・アルケミスト / 電車アタック / THANKS, LIGHT.","0.57","medium",""
"263","3F-A04","任天堂株式会社","","0","","0.00","none",""
"264","3F-A05","集英社ゲームズ","集英社ゲームズ","8","シュレディンガーズ・コール / Chronoscript: The Endless End / BAKUDO / UN:Me / こちら葛飾区亀有公園前派出所～両さんの商店街物語～ / YAKOH SHINOBI OPS / OPUS: Prism Peak / 都市伝説解体センター","1.00","high","OK"
"265","3F-A06","ジーン","株式会社ジーン","16","買い物（かいもん）マスターとみえ / BITSUMMIT プログラミングバトル ～スーパータンクウォーズ～ / CyberRush override / ボムボムドカン / ダイスアウト / ハイローウエスタン / BESTACK / ぷちトイ◒リフレクト /  / BITSUMMIT プログラミングバトル ～スーパータンクウォーズ～ / CyberRush override / ボムボムドカン / ダイスアウト / ハイローウエスタン / BESTACK / ぷちトイ◒リフレクト","1.00","high","OK"
"266","3F-A07","WOW","lowiro","2","In Falsus / Arcaea","0.33","none",""
"267","3F-A08","株式会社ゲラッパ","株式会社ゲラッパ","1","三国志BOND","1.00","high","OK"
"268","3F-A09","Lorebard","AREA35","3","タイニーメタル2 / PROJECT BLITZ / フェリシティーズ・ドア","0.38","none",""
"269","3F-A10","CE-Asia","Screen Australia","7","Management In Space / Ascent of the Last Colossus / Jupiter Junkworks / Dungeons and Dining Tables / Slumbering Woods / Nullstar: Solus / Potions, Please!","0.40","none",""
"270","3F-A11","セガ","セガ","5","リトルキティ・ビッグシティ ～まいごの子猫の街さんぽ～ / Outbound（アウトバウンド） / リトルキティ・ビッグシティ ～まいごの子猫の街さんぽ～ / Outbound（アウトバウンド） / 盛世天下：女帝への道","1.00","high","OK"
"271","3F-A12","東急不動産株式会社","東急不動産株式会社","3","Twin Soul / Fantasketch / ファンタスケッチ / シブヤスクランブルストーリーズ","1.00","high","OK"
"272","3F-A13","COREBLAZER","AREA35","3","タイニーメタル2 / PROJECT BLITZ / フェリシティーズ・ドア","0.30","none",""
"273","3F-A14","Indie Games Pass (IGP)","Indie Games Pass","7","LoopStructor 2: SkySpine / Deck of Harvest / Cat Squeeze / PlatVerse: Abya's Adventure / Shrink Rooms / Ashes of Pantheon / LoopStructor","0.90","high","OK"
"274","3F-A15","エヌビーゲームズ","エヌビーゲームズ","2","STEP THEATER - ステップシアター / 都市伝説.exe","1.00","high","OK"
"275","3F-A16","ブラックマジックデザイン株式会社","インティ・クリエイツ","4","<big id=""GVFSP""><ruby>蒼き雷霆<rt>アームドブルー</rt></ruby>ガンヴォルト トライアングル エディション Nintendo Switch 2 Edition</big> / <big id=""ADC"">白き鋼鉄の<ruby>X<rt>イクス</rt></ruby> 1+2 デュアルコレクション</big> / <big id=""BKR"">ぼくらのキングダム 時食む果実といにしえの魔物</big> / <big id=""MJG"">魔女ガミ－The Witch of Luludidea－</big>","0.17","none",""
"276","3F-A17","日本ギガバイト株式会社","セガ","5","リトルキティ・ビッグシティ ～まいごの子猫の街さんぽ～ / Outbound（アウトバウンド） / リトルキティ・ビッグシティ ～まいごの子猫の街さんぽ～ / Outbound（アウトバウンド） / 盛世天下：女帝への道","0.14","none",""
"277","3F-A18","株式会社フリースタイル","フリースタイル","3","オバケイドロ２ / オバケイドロ！ / うんこ探偵","1.00","high","OK"
"278","3F-A19","Rice Games Inc.","Rice Games Inc","2","Shujinkou / 主人公 / Shujinkou Manga Reader / 主人公マンガリーダー","1.00","high","OK"
"279","3F-A20","株式会社サイバーエージェント","イースニッド","1","アイリス・オデッセイ","0.20","none",""
"280","3F-A21","PixAI","Pikii","1","Ira","0.60","medium",""
"281","3F-A22","大阪電気通信大学","","0","","0.00","none",""
"282","3F-A23","遊び創り研究センター","セガ","5","リトルキティ・ビッグシティ ～まいごの子猫の街さんぽ～ / Outbound（アウトバウンド） / リトルキティ・ビッグシティ ～まいごの子猫の街さんぽ～ / Outbound（アウトバウンド） / 盛世天下：女帝への道","0.10","none",""
"283","3F-A24","AREA 35","AREA35","3","タイニーメタル2 / PROJECT BLITZ / フェリシティーズ・ドア","1.00","high","OK"
"284","3F-A25","WhisperGames","Rice Games Inc","2","Shujinkou / 主人公 / Shujinkou Manga Reader / 主人公マンガリーダー","0.58","medium",""
"285","3F-A26","Meshy AI","Nestopi Inc.","1","Chill with You：Lo-Fi Story","0.43","none",""
"286","3F-B01","Indie-us Games","Indie-us Games","1","UNDEFEATED: Genesis","1.00","high","OK"
"287","3F-B02","コーラス・ワールドワイド","コーラス・ワールドワイド","5","コーヒートーク トーキョー / UNDEFEATED: Genesis / あなたに花束を / モーゼス＆プレイトー：クロービル行き最終列車 / カーネル・ハーツ","1.00","high","OK"
"288","3F-B03","17-BIT","tinyBuild","9","ReStory: Chill Electronics Repairs / SpeedRunners 2: King of Speed / Hull Rupture / The King is Watching / Hozy / Potion Craft: Alchemist Simulator / Graveyard Keeper 2 / Drill Core / Silent Road","0.22","none",""
"289","3F-B04","Black Tower Studios","Black Tower Studios","1","Dr. Oops!","1.00","high","OK"
"290","3F-B05","Graph","Graph","5","Aether &amp; Iron / Be My Horde（ビー・マイ・ホード） / Descent Of Lunaris / LOVE ETERNAL（ラブエターナル） / Surfpunk（サーフパンク）","1.00","high","OK"
"291","3F-B06","CANARY ISLANDS GAMES","CANARY ISLANDS GAMES","9","Archangel: Demon Rush / Arico: Tales From the Abyss / Auditum / Master of Cladia / Microbian / OVER SAND / PlayCan / Project Node / Unicorn Wars","1.00","high","OK"
"292","3F-B07","Toge Production","Black Tower Studios","1","Dr. Oops!","0.29","none",""
"293","3F-B08","Balor Games","Gamirror Games","4","shapez 2 / Alchemy Factory / ペンポン / 退勤！パンデミック特急","0.62","medium",""
"294","3F-B09","あまた株式会社","AMATA Games","2","超翼戦騎エスティーク / Save My Scrap -セイブ・マイ・スクラップ-","1.00","high","OK"
"295","3F-B10","大阪工業大学","総合地球環境学研究所 Sustai-N-ableプロジェクト &amp; 株式会社ロフトワーク","1","ゆらぐテラリウム — Nとわたしたちの世界","0.03","none",""
"296","3F-B11","大阪情報コンピュータ専門学校","株式会社スピード","2","モーションマッチャー / 宇宙銀河ウォーズ","0.14","none",""
"297","3F-B12","京都デザイン&テクノロジー専門学校","インティ・クリエイツ","4","<big id=""GVFSP""><ruby>蒼き雷霆<rt>アームドブルー</rt></ruby>ガンヴォルト トライアングル エディション Nintendo Switch 2 Edition</big> / <big id=""ADC"">白き鋼鉄の<ruby>X<rt>イクス</rt></ruby> 1+2 デュアルコレクション</big> / <big id=""BKR"">ぼくらのキングダム 時食む果実といにしえの魔物</big> / <big id=""MJG"">魔女ガミ－The Witch of Luludidea－</big>","0.19","none",""
"298","3F-B13","HYPER REAL","HYPER REAL","3","SAEKO: Giantess Dating Sim / DIGITAL EXORCIST（デジタルエクソシスト） / Dome-King Cabbage（ドームキング・キャベツ）","1.00","high","OK"
"299","3F-B14","HARRISONWORLD CO.,LTD.","CANARY ISLANDS GAMES","9","Archangel: Demon Rush / Arico: Tales From the Abyss / Auditum / Master of Cladia / Microbian / OVER SAND / PlayCan / Project Node / Unicorn Wars","0.28","none",""
"300","3F-B15","京都コンピュータ学院","KOCCA（韓国コンテンツ振興院）","10","Archetype Blue(アーキタイプ・ブルー） / BLACKOUT: Zero Point / Lone Chef / MODULE:BERSERK(モジュール・バーサーク) / MONOWAVE / Project Revenant(プロジェクト・レヴェナント) / Staffer Retro: 超能力推理クエスト / THANKS, LIGHT.(サンクス、ライト。) / There is NO PLAN B(ゼア・イズ・ノー・プラン・ビー) / VELASTER(ベラスター)","0.20","none",""
"301","3F-B16","Indie Game Lab Japon","Indie Games Pass","7","LoopStructor 2: SkySpine / Deck of Harvest / Cat Squeeze / PlatVerse: Abya's Adventure / Shrink Rooms / Ashes of Pantheon / LoopStructor","0.59","medium",""
"302","3F-B17","グラビティゲームアライズ","グラビティゲームアライズ","3","はしれへべれけEX / みんなで空気読み。ワールド 韓国Ver. / ガルバテイン：冒険者ギルド事務所","1.00","high","OK"
"303","3F-B18","BeXide","BeXide","4","東方ゆっくりマウンテン / Memory of Memorie : A Chill Story / NAMCO LEGENDARY Mountains / Digital Pinball: Last Gladiators","1.00","high","OK"
"304","3F-B19","面白法人カヤック","イースニッド","1","アイリス・オデッセイ","0.13","none",""
"305","3F-B20","KADOKAWA Game Linkage","AMATA Games","2","超翼戦騎エスティーク / Save My Scrap -セイブ・マイ・スクラップ-","0.37","none",""
"306","3F-B21","Phoenixx","株式会社Phoenixx","2","MONOWAVE / GooNECT√2","1.00","high","OK"
"307","3F-B22","Beep Japan","AREA35","3","タイニーメタル2 / PROJECT BLITZ / フェリシティーズ・ドア","0.22","none",""
"308","3F-B23","lowiro","lowiro","2","In Falsus / Arcaea","1.00","high","OK"
"309","3F-B24","オプテージ","株式会社ジーン","16","買い物（かいもん）マスターとみえ / BITSUMMIT プログラミングバトル ～スーパータンクウォーズ～ / CyberRush override / ボムボムドカン / ダイスアウト / ハイローウエスタン / BESTACK / ぷちトイ◒リフレクト /  / BITSUMMIT プログラミングバトル ～スーパータンクウォーズ～ / CyberRush override / ボムボムドカン / ダイスアウト / ハイローウエスタン / BESTACK / ぷちトイ◒リフレクト","0.20","none",""
"310","3F-B25","HappyPlayer","Aniplex.inc","1","OCTOPinbs","0.36","none",""
"311","3F-B26","Malaysia Digital Economy Corporation (MDEC)","Black Lantern Collective","3","Sucker for Love: Crush Landing / HR: Human Remains / Horripilant","0.27","none",""
"312","3F-B27","Double Fine Productions / Xbox Game Studios","Black Tower Studios","1","Dr. Oops!","0.31","none",""
"313","3F-B28","Soft Source","SUNSOFT","2","Hard Edge - War Zone / ROUTE16R","0.30","none",""
"314","3F-B29","Gocha Gocha Games","Gotcha Gotcha Games","2","RPGツクール新プロジェクト（仮） / ACTION GAME MAKER","0.88","high","OK"
"315","3F-B30","中野亘 × 宮澤卓宏","","0","","0.00","none",""
"316","3F-B31","株式会社ニューラルソフトウェア","株式会社ニュートラルソフトウェア","3","Foo Is Missing / カードバトル RPG (仮) / おやこでまちがいさがし","0.92","high",""
"317","3F-B32","Odencat","INDIENOVA","3","小さな生活：上海編 / メジャーマン / 存在/しないあなた、と私","0.33","none",""
"318","3F-B33","株式会社 灯白社","株式会社灯白社","1","つみみじかん 狂オシイホド愛シテル","1.00","high","OK"
"319","3F-B34","ワンダーランドカザキリ","ワンダーランドカザキリ","3","CASSETTE BOY / BQM BlockQuest Maker Remastered / ダンジョンに捧ぐ墓標","1.00","high","OK"
"320","3F-B35","KIC Games","KIC Games","3","蒐命のラスティル - とこしえの迷宮城 - / 超増税都市 / GrimmKitchen","1.00","high","OK"
"321","3F-B36","ザクザクゲーム","ザクザクゲーム","1","RDの遠隔推理","1.00","high","OK"
"322","3F-B37","THIRD","THIRD","1","RAID OF TITAN","1.00","high","OK"
"323","3F-B38","株式会社アコードセブン","Accord Seven Inc.","2","Marobi～ まろび ～ / Itsuki","1.00","high","OK"
"324","3F-B39","株式会社Nestopi","Nestopi Inc.","1","Chill with You：Lo-Fi Story","1.00","high","OK"
"325","3F-B40","Audiokinetic株式会社","Pikii","1","Ira","0.33","none",""
"326","3F-B41","総合地球環境学研究所 Sustai-N-ableプロジェクト","総合地球環境学研究所 Sustai-N-ableプロジェクト &amp; 株式会社ロフトワーク","1","ゆらぐテラリウム — Nとわたしたちの世界","0.90","high","OK"
"327","3F-B42","株式会社クアドラアニマ","ドリコム","4","TIMEMOON / Quiet Express: Cabin 909 / Beautiful Life Show / Chill Planet","0.14","none",""
"328","3F-B43","lablab","AMATA Games","2","超翼戦騎エスティーク / Save My Scrap -セイブ・マイ・スクラップ-","0.20","none",""
"329","3F-BSGJ","BitSummit","株式会社CRAFTS&amp;MEISTER","2","BLOKES on BLOCKS! / SLAPPY","0.38","none",""
"330","3F-GCG","ゲームクリエイター甲子園","インティ・クリエイツ","4","<big id=""GVFSP""><ruby>蒼き雷霆<rt>アームドブルー</rt></ruby>ガンヴォルト トライアングル エディション Nintendo Switch 2 Edition</big> / <big id=""ADC"">白き鋼鉄の<ruby>X<rt>イクス</rt></ruby> 1+2 デュアルコレクション</big> / <big id=""BKR"">ぼくらのキングダム 時食む果実といにしえの魔物</big> / <big id=""MJG"">魔女ガミ－The Witch of Luludidea－</big>","0.25","none",""
"331","1F-E11","株式会社クラウドイリュージョン","ドリコム","4","TIMEMOON / Quiet Express: Cabin 909 / Beautiful Life Show / Chill Planet","0.18","none",""