id,booth,title,exhibitor,steamName,steamUrl,score,confidence,ok
"4","1F-D04","EnthuBike – Motorcycle Handlebar Controller","Koshizawa Equipment Industry Co., Ltd.","","","0.00","none",""
"5","1F-D05","代償少女 (Compensated Girl)","代償プロジェクト","代償少女","https://store.steampowered.com/app/3839720/","1.00","high","OK"
"6","1F-D06","ウルトラジェットガール (Ultra Jet Girl)","Ashiya","ウルトラジェットガール","https://store.steampowered.com/app/3170270/","1.00","high","OK"
"7","1F-D07","4DEAD","Kishiro","4DEAD","https://store.steampowered.com/app/4172750/","1.00","high","OK"
"8","1F-D08","カルチャーハウス (CultureHouse)","futurala","CultureHouse","https://store.steampowered.com/app/2314460/","1.00","high","OK"
"9","1F-D09","Astromine","Alientrap","Astromine","https://store.steampowered.com/app/1833210/","1.00","high","OK"
"10","1F-D10","奈落のキッチン (Abyss Kitchen)","Pico Games","奈落のキッチン","https://store.steampowered.com/app/3508910/","1.00","high","OK"
"11","1F-D11","Max Gentlemen: Escape From Moriarty Mansion","The Men Who Wear Many Hats","Max Gentlemen: Escape From Moriarty Mansion","https://store.steampowered.com/app/3047590/","1.00","high","OK"
"13","1F-D13","HellPunk: Purgatorium","Urban Oasis Corp.","HellPunk: Purgatorium","https://store.steampowered.com/app/3199080/","1.00","high","OK"
"15","1F-D15","Finding Polka","lidlocks","Finding Polka","https://store.steampowered.com/app/4161140/","1.00","high","OK"
"18","1F-D18","The Void Between (ザ・ヴォイド・ビトウィーン)","Key Compass","The Void Between","https://store.steampowered.com/app/2678440/","1.00","high","OK"
"19","1F-D19","里山のおと-春さんぽ (Satoyama Note: Spring Walk)","Satoyama Note","里山のおと 春さんぽ","https://store.steampowered.com/app/3430090/","1.00","high","OK"
"20","1F-D20","Voyage Router","softoko","Voyage Router","https://store.steampowered.com/app/3632020/","1.00","high","OK"
"21","1F-D21","60病 (The 60-Second Syndrome)","Matrix Corporation","60病　The 60-Second Syndrome","https://store.steampowered.com/app/4608750/","1.00","high","OK"
"23","1F-D23","ピンボールガーデン (PinballGarden)","YawarakaSoft","PinballGarden","https://store.steampowered.com/app/4281640/","1.00","high","OK"
"24","1F-D24","Katubaの密猟者 (Katuba's Poacher)","Joe Yu Studio","KATUBAの密猟者","https://store.steampowered.com/app/2488500/","1.00","high","OK"
"25","1F-D25","キッドバッシュ：スーパーレジェンド (Kidbash: Super Legend)","Authentic Remixes & Fat Raccoon","Kidbash: Super Legend","https://store.steampowered.com/app/2681870/","1.00","high","OK"
"26","1F-D26","シェオルの森 - 黄昏の魔獣使い (Forest of Sheol)","PepperBomb","","","0.00","none",""
"27","1F-D27","Am I Nima","HO! Games","Am I Nima","https://store.steampowered.com/app/3224600/","1.00","high","OK"
"28","1F-D28","表面迷宮くるまぶ (Surface Labyrinth KURUMABU)","KUMAZASA","Surface Labyrinth KURUMABU","https://store.steampowered.com/app/3546020/","1.00","high","OK"
"32","1F-D32","モノノケの国 (Mononoke No Kuni)","Lights Interactive","モノノケの国","https://store.steampowered.com/app/2597610/","1.00","high","OK"
"33","1F-D33","Die Deep (死深)","PINIX Games","Die Deep","https://store.steampowered.com/app/3211560/","1.00","high","OK"
"35","1F-D35","輪廻戦 Mad King Redemption","SECRET MISSION","輪廻戦記","https://store.steampowered.com/app/2369580/","0.15","none",""
"36","1F-D36","Miniature LAND -Four Seasons-","WarmingApp","Miniature LAND -Four Seasons-","https://store.steampowered.com/app/4460460/","1.00","high","OK"
"37","1F-D37","Foo Is Missing","Neutral Software Inc.","Foo Is Missing","https://store.steampowered.com/app/4282170/","1.00","high","OK"
"38","1F-D38","リズムホテル (Rhythm Hotel)","SyncArc-Studio","リズムホテル","https://store.steampowered.com/app/3253930/","1.00","high","OK"
"39","1F-D39","A Tiny Wander","DOUKUTSU PENGUIN CLUB","A Tiny Wander","https://store.steampowered.com/app/3260830/","1.00","high","OK"
"41","1F-D41","オニクラ (Onikura)","Too Dark Studio","Onikura オニクラ","https://store.steampowered.com/app/3008640/","0.90","high","OK"
"42","1F-D42","Magical Blush (マジカル・ブラッシュ)","Alkacer Game Studio","Magical Blush","https://store.steampowered.com/app/3488640/","1.00","high","OK"
"43","1F-D43","Near The Sun","Nonlinear","Near The Sun","https://store.steampowered.com/app/3039960/","1.00","high","OK"
"44","1F-D44","赫夜 (Kaguya)","Flypot LLC","Princess Kaguya: Legend of the Moon Warrior","https://store.steampowered.com/app/383710/","0.90","high","OK"
"45","1F-D45","人狼バーガー (Jinro Burger)","uracon LLC.","人狼バーガー","https://store.steampowered.com/app/3975350/","1.00","high","OK"
"46","1F-D46","Thumbylina","LeonaSoftware","","","0.00","none",""
"47","1F-D47","Type & Magic","Decoboco Games","Type & Magic","https://store.steampowered.com/app/3685040/","1.00","high","OK"
"48","1F-D48","Little Cheese Works","BUBBLE　GUM","Little Cheese Works","https://store.steampowered.com/app/2527940/","1.00","high","OK"
"49","1F-D49","Bytes and Knights - Adventure","Jonathan Holmes (crait)","","","0.00","none",""
"50","1F-D50","スマイルマッスルトレーナー (Smile Muscle Trainer)","Software Control Corporation","","","0.00","none",""
"51","1F-D51","天使機構 - 執行部魂救済課 (Angelic Agency)","YOKUNIKU","天使機構 執行部魂救済課","https://store.steampowered.com/app/3370180/","1.00","high","OK"
"53","1F-D53","BBアドベンチャー (BB Adventure)","やまむーゲームス","BBアドベンチャー","https://store.steampowered.com/app/3740460/","1.00","high","OK"
"54","1F-D54","THREAT -SCREAM AND ESCAPE-","C-Route,inc.","THREAT -SCREAM AND ESCAPE-","https://store.steampowered.com/app/3493610/","1.00","high","OK"
"55","1F-D55","Tammuz: Blood and Sand","Bad Goat & CloverBite","Tammuz: Blood & Sand","https://store.steampowered.com/app/4164840/","0.83","high","OK"
"56","1F-U01","妄想ゲームズ☆ ブース","妄想ゲームズ☆","","","0.00","none",""
"57","1F-U02","HEY! ブース","HEY!","","","0.00","none",""
"58","1F-U03","らいるず & ダックルーズ ブース","らいるず & ダックルーズ","","","0.00","none",""
"59","1F-U04","ClaGla ブース","ClaGla（クラグラ）","","","0.00","none",""
"60","1F-U05","SUSABI Games & Virtual Party ブース","SUSABI Games & Virtual Party","","","0.00","none",""
"61","1F-U06","淺草ゲームズ ブース","淺草ゲームズ","","","0.00","none",""
"62","1F-U07","TANSAN & ハーベストバレー ブース","TANSAN & ハーベストバレー","","","0.00","none",""
"63","1F-C01","京都市 ブース","京都市","","","0.00","none",""
"64","1F-C02","京都府 ブース","京都府","","","0.00","none",""
"65","1F-C03","京まふ ブース","京都国際マンガ・アニメフェア","","","0.00","none",""
"66","1F-C04","CAMPFIRE ブース","CAMPFIRE","","","0.00","none",""
"67","1F-E01","BitSummit 公式物販ブース","BitSummit","","","0.00","none",""
"68","1F-E02","fYtO 物販","株式会社フロムイエロートゥオレンジ","","","0.00","none",""
"69","1F-E03","SUPERDELUXE GAMES 物販","SUPERDELUXE GAMES","","","0.00","none",""
"70","1F-E04","エディットモード 物販","エディットモード","","","0.00","none",""
"71","1F-E05","玉乃光酒造 飲食","玉乃光酒造","","","0.00","none",""
"72","1F-E06","BAKERU 飲食","BAKERU","","","0.00","none",""
"73","1F-E07","淺草来々軒 飲食","淺草来々軒","","","0.00","none",""
"74","1F-E08","スティッチコーヒー 飲食","スティッチコーヒー","","","0.00","none",""
"75","1F-E09","58DINER 飲食","58DINER","","","0.00","none",""
"76","1F-E10","ギルドバハムートIII 飲食","ギルドバハムートIII","","","0.00","none",""
"77","1F-A01","Devolver Digital ブース","Devolver Digital","","","0.00","none",""
"78","1F-A02","インティ・クリエイツ ブース","インティ・クリエイツ","","","0.00","none",""
"79","1F-A03","KOCCA ブース","KOCCA","","","0.00","none",""
"80","1F-A04","ハピネット ブース","株式会社ハピネット","","","0.00","none",""
"81","1F-A05","NZ CODE ブース","NZ CODE","","","0.00","none",""
"82","1F-A06","ポケットペア ブース","ポケットペア","","","0.00","none",""
"83","1F-A07","Screen Australia ブース","Screen Australia","","","0.00","none",""
"84","1F-A08","Kakehashi Games ブース","Kakehashi Games","","","0.00","none",""
"85","1F-A09","Game Source Entertainment ブース","GAME SOURCE ENTERTAINMENT","","","0.00","none",""
"86","1F-A10","電ファミニコゲーマー ブース","電ファミニコゲーマー","","","0.00","none",""
"87","1F-A11","Q-Games ブース","Q-Games","","","0.00","none",""
"88","1F-A12","Critical Reflex ブース","Critical Reflex","","","0.00","none",""
"89","1F-A13","Ukiyo Studios ブース","Ukiyo Studios","","","0.00","none",""
"90","1F-A14","PARCO GAMES ブース","PARCO GAMES","","","0.00","none",""
"91","1F-A15","viviON ブース","株式会社viviON","","","0.00","none",""
"92","1F-A16","2P Games ブース","2P Games","","","0.00","none",""
"93","1F-A17","G-SMASH ブース","G-SMASH株式会社","","","0.00","none",""
"94","1F-A18","G-SMASH GAMEJAM","G-SMASH GAMEJAM","","","0.00","none",""
"95","1F-A19","ドリコム ブース","株式会社ドリコム","","","0.00","none",""
"96","1F-A20","tinyBuild ブース","tinyBuild","","","0.00","none",""
"97","1F-A21","New Blood ブース","New Blood Interactive","","","0.00","none",""
"98","1F-A22","CRI・ミドルウェア ブース","株式会社CRI・ミドルウェア","","","0.00","none",""
"99","1F-A23","CiGA ブース","CiGA（China indie Game Alliance）","","","0.00","none",""
"100","1F-A24","アニプレックス ブース","アニプレックス","","","0.00","none",""
"101","1F-A25","東映ゲームズ ブース","東映ゲームズ","","","0.00","none",""
"102","1F-A26","マーベラス ブース","マーベラス","","","0.00","none",""
"103","1F-A27","iGi indie Game incubator ブース","iGi indie Game incubator","","","0.00","none",""
"104","1F-B01","INDIENOVA ブース","INDIENOVA","","","0.00","none",""
"105","1F-B02","スピード ブース","株式会社スピード","","","0.00","none",""
"106","1F-B03","ウルクスヘブン ブース","有限会社ウルクスヘブン","","","0.00","none",""
"107","1F-B04","松竹 ブース","松竹株式会社","","","0.00","none",""
"108","1F-B05","CharacterBank ブース","株式会社CharacterBank","","","0.00","none",""
"109","1F-B06","Black Lantern Collective ブース","Black Lantern Collective","","","0.00","none",""
"110","1F-B07","SKOOTA GAMES ブース","SKOOTA GAMES","","","0.00","none",""
"111","1F-B08","SUNSOFT ブース","SUNSOFT（サン電子）","","","0.00","none",""
"112","1F-B09","Pikii ブース","Pikii","","","0.00","none",""
"113","1F-B10","パイオニア ブース","パイオニア","","","0.00","none",""
"114","1F-B11","達成電器 ブース","達成電器","","","0.00","none",""
"115","1F-B12","ヤネウラゲームス ブース","株式会社ヤネウラゲームス","","","0.00","none",""
"116","1F-B13","ホビージャパン ブース","ホビージャパン","","","0.00","none",""
"117","1F-B14","ジー・モード ブース","ジー・モード","","","0.00","none",""
"118","1F-B15","room6 ブース","room6 / ヨカゼ","","","0.00","none",""
"119","1F-B16","Silkroad Studios ブース","Silkroad Studios","","","0.00","none",""
"120","1F-B17","ラディアスリー ブース","ラディアスリー株式会社","","","0.00","none",""
"121","1F-B18","CRAFTS&MEISTER ブース","株式会社CRAFTS&MEISTER","","","0.00","none",""
"122","1F-B19","AssetHub ブース","AssetHub Inc.","","","0.00","none",""
"123","1F-B20","電羊法律事務所 ブース","電羊法律事務所","","","0.00","none",""
"124","1F-B21","イースニッド ブース","イースニッド","","","0.00","none",""
"125","1F-B22","GameMaker ブース","GameMaker","","","0.00","none",""
"126","1F-B23","SuperDuperSecret ブース","SuperDuperSecret Co.","","","0.00","none",""
"127","1F-B24","R/GA ブース","R/GA","","","0.00","none",""
"128","1F-B25","Zandbox Studio ブース","Zandbox Studio","","","0.00","none",""
"129","1F-B26","トムス・エンタテインメント ブース","トムス・エンタテインメント","","","0.00","none",""
"130","1F-B27","Blue Backpack ブース","Blue Backpack","","","0.00","none",""
"131","1F-B28","Yellow Hearts ブース","Yellow Hearts","","","0.00","none",""
"132","1F-B29","ジュピター ブース","株式会社ジュピター","","","0.00","none",""
"133","1F-B30","スクウェア・エニックス ブース","スクウェア・エニックス","","","0.00","none",""
"137","3F-D04","クワイエット急行909号室 (Quiet Express: Cabin 909)","STUDIO909 LLC","クワイエット急行909号室","https://store.steampowered.com/app/3962240/","1.00","high","OK"
"138","3F-D05","Weatherium","Pokeso","","","0.00","none",""
"139","3F-D06","Let's Build a Dungeon","Springloaded","Let's Build a Dungeon","https://store.steampowered.com/app/2365790/","1.00","high","OK"
"140","3F-D07","Spellbrush's Tactical Game","Spellbrush","","","0.00","none",""
"141","3F-D08","Cogito:Requiem/終律のコギト","SPECTACLE","","","0.00","none",""
"144","3F-D11","めくるりウィッチ (Mekururi)","SleepingMuseum","めくるりウィッチ","https://store.steampowered.com/app/4156490/","1.00","high","OK"
"145","3F-D12","JIGENRO","㊥Maruchu","","","0.00","none",""
"147","3F-D14","The Remake of the End of the Greatest RPG of All Time","Coin Drop Games","史上最高のRPGの終焉：リメイク","https://store.steampowered.com/app/2809660/","0.07","none",""
"149","3F-D16","Handlime","BONJORY – Creative Studio at Kyoto Institute of Technology","","","0.00","none",""
"150","3F-D17","新年3秒前 (3 seconds before new year)","Nippon Engineering Education College","","","0.00","none",""
"156","3F-D23","Syndream","UGONOSTUDIO","","","0.00","none",""
"164","3F-D31","Gutsy Grid (ガッツィ・グリッド)","Team Gutsy","Gutsy Grid","https://store.steampowered.com/app/4597800/","1.00","high","OK"
"168","3F-D35","NEXUS CODE","IoliteGames","","","0.00","none",""
"169","3F-D36","Hermit Computer","Visual Interactive Arts (VIA studio)","Hermit Computer","https://store.steampowered.com/app/3638070/","1.00","high","OK"
"171","3F-D38","Ghost Vanguard","WOMBO COMBO GAMES INC.","Ghost Vanguard","https://store.steampowered.com/app/2577430/","1.00","high","OK"
"172","3F-D39","Sushi Loop Licker","SLL Team","","","0.00","none",""
"173","3F-D40","夢閃少女 (Awaking Beauty)","YOHCAN Co., Ltd.","夢閃少女（ムセンショウジョ）","https://store.steampowered.com/app/3253950/","0.90","high","OK"
"174","3F-D41","バイト・ファイト！！：パートタイム・魔物ハンター","KINGOFSHIBUYA Ltd.","","","0.00","none",""
"175","3F-D42","MAPS (My Apocalyptic Plan for Survival)","Stumpysquid AB","MAPS (My Apocalyptic Plan for Survival)","https://store.steampowered.com/app/4264290/","1.00","high","OK"
"176","3F-D43","セラフィーヌは空を行く (Seraphine's Skyward Journey)","Mizukagami Studio","セラフィーヌは空を行く","https://store.steampowered.com/app/4008030/","1.00","high","OK"
"177","3F-D44","レジーといとこ＋科学者x2この世の終わり！？","degoma","","","0.00","none",""
"178","3F-D45","おデの巣穴でレベル上げなんてさせない","Pomuya","おデの巣穴でレベル上げなんてさせない","https://store.steampowered.com/app/3019490/","1.00","high","OK"
"179","3F-D46","ヅララララッシュ (ZURARARARUSH!!!)","Appare Factory,LLC","Zurarararush!!!","https://store.steampowered.com/app/2732600/","1.00","high","OK"
"180","3F-D47","ゲームショップ斜陽 (Sunset Game Shop Shayou)","Lob studio Inc.","ゲームショップ斜陽","https://store.steampowered.com/app/3986100/","1.00","high","OK"
"181","3F-D48","DEAREND","KUROSAWA CREATE","DEAREND","https://store.steampowered.com/app/4123950/","1.00","high","OK"
"182","3F-D49","Conductus","Team「Reverberate」","","","0.00","none",""
"183","3F-D50","YaoyoroZOO (八百万動物園)","AlSH","","","0.00","none",""
"184","3F-D51","行列のできる武器鍛冶屋 (Line Forge BlackSmith)","KansyaGames","行列のできる武器鍛冶屋","https://store.steampowered.com/app/4133630/","1.00","high","OK"
"185","3F-D52","ロープくんアドベンチャー (Rope-Kun Adventure)","Kei26","ロープくんアドベンチャー","https://store.steampowered.com/app/2919070/","1.00","high","OK"
"186","3F-D53","Dyping Escape","Heaviside Creations","Dyping Escape","https://store.steampowered.com/app/3406810/","1.00","high","OK"
"187","3F-D54","ロスト＆ファウンドCo. (Lost and Found Co.)","Bit Egg Inc.","Lost and Found Co.","https://store.steampowered.com/app/2101390/","1.00","high","OK"
"189","3F-D56","Cento","Hoshimadara Lab.","Cento","https://store.steampowered.com/app/2416050/","1.00","high","OK"
"190","3F-D57","Calling","MatsuOkaGumi","Cold Calling","https://store.steampowered.com/app/2627660/","0.90","high","OK"
"191","3F-D58","502号室：寄宿学校青春ミステリー (Room 502)","LOTS","502号室 : 寄宿学校青春ミステリー","https://store.steampowered.com/app/3362130/","1.00","high","OK"
"192","3F-D59","Own Time Own Target","No Average Joe","Own Time Own Target","https://store.steampowered.com/app/2854200/","1.00","high","OK"
"193","3F-D60","Addie Shen","Unexpected Accessories","Addie Shen","https://store.steampowered.com/app/3364130/","1.00","high","OK"
"194","3F-D61","オンエア！タクシー探偵事件簿 (On Air! Taxi Detective Casebook)","373 STUDIO","放送開始！タクシー推理事件簿","https://store.steampowered.com/app/3972170/","0.54","medium",""
"195","3F-D62","忍者ゲーム (Ninja Game)","kusoge00","Ninja Game","https://store.steampowered.com/app/3634550/","1.00","high","OK"
"196","3F-D63","プリッとプリズナー (Pritto Prisoner)","PinCool, Inc.","プリッとプリズナー","https://store.steampowered.com/app/3036800/","1.00","high","OK"
"197","3F-D64","ブラス・クーバスの死後依頼 (The Posthumous Investigation)","Infini Fun","ブラス・クーバスの死後依頼","https://store.steampowered.com/app/2466900/","1.00","high","OK"
"198","3F-D65","FEAR FA 98™","Jacob Jazz","FEAR FA 98","https://store.steampowered.com/app/3495990/","1.00","high","OK"
"199","3F-D66","リクイッド・アビス (The Melted Jelly)","Hello Quest","リクイッド・アビス - The Melted Jelly -","https://store.steampowered.com/app/3387390/","1.00","high","OK"
"204","3F-U01","東京工芸大学ゲーム学科 (U01)","東京工芸大学ゲーム学科","Fantasy Grounds - U01: Dark Days in Stoneholme","https://store.steampowered.com/app/1320330/","0.90","high","OK"
"205","3F-U02","東京工芸大学ゲーム学科 (U02)","東京工芸大学ゲーム学科","Fantasy Grounds - U02: Murder in Stoneholme (PFRPG)","https://store.steampowered.com/app/649700/","0.90","high","OK"
"206","3F-U03","東京工芸大学ゲーム学科 (U03)","東京工芸大学ゲーム学科","Fantasy Grounds - U03: Death Comes to Stoneholme (5E)","https://store.steampowered.com/app/650930/","0.90","high","OK"
"207","3F-U04","東京工芸大学ゲーム学科 (U04)","東京工芸大学ゲーム学科","Fantasy Grounds - Fantasy Token Collection - Undead 04","https://store.steampowered.com/app/4063710/","0.07","none",""
"208","3F-U05","しゅんて ブース","しゅんて","","","0.00","none",""
"209","3F-U06","サメ ブース","サメ","","","0.00","none",""
"210","3F-U07","ニアピンGOプロジェクト","ニアピンGOプロジェクト","","","0.00","none",""
"211","3F-U08","愛知工業大学CGメディア研究室 (U08)","愛知工業大学CGメディア研究室","","","0.00","none",""
"212","3F-U09","東京工芸大学ゲーム学科 (U09)","東京工芸大学ゲーム学科","Unit 097","https://store.steampowered.com/app/4405170/","0.43","none",""
"213","3F-U10","東京工芸大学ゲーム学科 (U10)","東京工芸大学ゲーム学科","UDONGEIN X","https://store.steampowered.com/app/1819230/","0.11","none",""
"214","3F-U11","東京工芸大学ゲーム学科 (U11)","東京工芸大学ゲーム学科","Elevens Up! (11's Up)","https://store.steampowered.com/app/4728620/","0.21","none",""
"215","3F-U12","東京工芸大学ゲーム学科 (U12)","東京工芸大学ゲーム学科","F1® 25 アイコニックエディション・アップグレード","https://store.steampowered.com/app/3493820/","0.09","none",""
"216","3F-U13","東京工芸大学ゲーム学科 (U13)","東京工芸大学ゲーム学科","","","0.00","none",""
"217","3F-U14","ドイノブヒロ ブース","ドイノブヒロ","","","0.00","none",""
"218","3F-U15","E班（Electronics班）","E班（Electronics班）","","","0.00","none",""
"219","3F-U16","讃岐GameN","讃岐GameN","","","0.00","none",""
"220","3F-U17","チームゲハナシ","チームゲハナシ","","","0.00","none",""
"221","3F-U18","映画の清掃員","映画の清掃員","","","0.00","none",""
"222","3F-U19","ネコマ製作所","ネコマ製作所","","","0.00","none",""
"223","3F-U20","ハードウェアとか研究所","ハードウェアとか研究所","","","0.00","none",""
"224","3F-U21","Interactive Materials Lab (U21)","Interactive Materials Lab","Michi - Expansion Pack (Unlock levels 2-10)","https://store.steampowered.com/app/2420670/","0.24","none",""
"225","3F-U22","Interactive Materials Lab (U22)","Interactive Materials Lab","Underground22","https://store.steampowered.com/app/2385550/","0.23","none",""
"226","3F-U23","愛知工業大学CGメディア研究室・伊藤勇舞","愛知工業大学CGメディア研究室・伊藤勇舞","","","0.00","none",""
"227","3F-U24","シンプルファミリー","シンプルファミリー by Wonderland Kazakiri","","","0.00","none",""
"228","3F-U25","MIYAZAWORKS (U25)","MIYAZAWORKS","Train Simulator: Burlington Northern U25","https://store.steampowered.com/app/2403301/","0.90","high","OK"
"229","3F-U26","UNUSE","UNUSE","Cube XL - Unused Soundtrack","https://store.steampowered.com/app/918410/","0.90","high","OK"
"230","3F-U27","のへもん (U27)","のへもん","U27RA R3Z0NANC3","https://store.steampowered.com/app/1413670/","0.90","high","OK"
"231","3F-U28","Tamakotronica (U28)","Tamakotronica","","","0.00","none",""
"232","3F-U29","Wataru Nakano × MIYAZAWORKS","Wataru Nakano × MIYAZAWORKS","","","0.00","none",""
"233","3F-U30","のへもん (U30)","のへもん","Train Simulator: Chessie System U30C Loco Add-On","https://store.steampowered.com/app/376958/","0.90","high","OK"
"234","3F-U31","愛知工業大学CGメディア研究室 (U31)","愛知工業大学CGメディア研究室","","","0.00","none",""
"235","3F-U32","MIYAZAWORKS (U32)","MIYAZAWORKS","","","0.00","none",""
"236","3F-U33","Tamakotronica (U33)","Tamakotronica","Train Simulator: Southern Pacific U33C Loco Add-On","https://store.steampowered.com/app/1560939/","0.90","high","OK"
"237","3F-C01","Skeleton Crew Studio / モリカトロン","Skeleton Crew Studio / モリカトロン","","","0.00","none",""
"238","3F-C02","PYGMY STUDIO","PYGMY STUDIO","","","0.00","none",""
"239","3F-C03","London Games Festival","London Games Festival","","","0.00","none",""
"240","3F-C04","Games Ground","Games Ground","Fantasy Grounds - Black Scroll Games - Tropical Islands (Map Pack)","https://store.steampowered.com/app/561900/","0.17","none",""
"241","3F-C05","Gamirror Games","Gamirror Games","","","0.00","none",""
"242","3F-C06","TAIWAN ACADEMIA INDUSTRY CONSORTIUM","TAIWAN ACADEMIA INDUSTRY CONSORTIUM","","","0.00","none",""
"243","3F-C07","Taipei Game Show","Taipei Game Show","","","0.00","none",""
"244","3F-C08","Day of the Devs","Day of the Devs","","","0.00","none",""
"245","3F-C09","MIX","MIX","KINGDOM HEARTS -HD 1.5+2.5 ReMIX-","https://store.steampowered.com/app/2552430/","0.90","high","OK"
"246","3F-C10","BIC Festival 2026","BIC Festival 2026","","","0.00","none",""
"247","3F-C11","東京ゲームショウ","東京ゲームショウ","","","0.00","none",""
"248","3F-C12","Game Grove X","Game Grove X","","","0.00","none",""
"249","3F-C13","RCGS","RCGS","","","0.00","none",""
"250","3F-C14","ホテル アンテルーム 京都","ホテル アンテルーム 京都","","","0.00","none",""
"251","3F-C15","ZOTAC","ZOTAC","","","0.00","none",""
"252","3F-C16","アスク","アスク","アスクギア リブースト","https://store.steampowered.com/app/3338450/","0.90","high","OK"
"253","3F-C17","アウリン","アウリン","","","0.00","none",""
"254","3F-C18","ウィットワン","ウィットワン","","","0.00","none",""
"255","3F-C19","ブレインストーム","株式会社ブレインストーム","","","0.00","none",""
"256","3F-E01","MIX STREAMING","MIX STREAMING","","","0.00","none",""
"257","3F-E02","G-EIGHT","G-EIGHT","Quar: Battle for Gate 18","https://store.steampowered.com/app/436940/","0.16","none",""
"258","3F-E03","バハムート","バハムート","バハムート:進化","https://store.steampowered.com/app/4600540/","0.90","high","OK"
"259","3F-E04","IGN JAPAN","IGN JAPAN","","","0.00","none",""
"260","3F-A01","Catalan Institute for Cultural Companies","Catalan Institute for Cultural Companies - Catalan Arts","","","0.00","none",""
"261","3F-A02","サードウェーブ / GALLERIA ブース","サードウェーブ / GALLERIA","","","0.00","none",""
"262","3F-A03","Sony Interactive Entertainment ブース","Sony Interactive Entertainment","","","0.00","none",""
"263","3F-A04","任天堂 ブース","任天堂株式会社","","","0.00","none",""
"264","3F-A05","集英社ゲームズ ブース","集英社ゲームズ","","","0.00","none",""
"265","3F-A06","ジーン ブース","ジーン","","","0.00","none",""
"266","3F-A07","WOW ブース","WOW","","","0.00","none",""
"267","3F-A08","ゲラッパ ブース","株式会社ゲラッパ","","","0.00","none",""
"268","3F-A09","Lorebard ブース","Lorebard","","","0.00","none",""
"269","3F-A10","CE-Asia ブース","CE-Asia","","","0.00","none",""
"270","3F-A11","SEGA ブース","セガ","","","0.00","none",""
"271","3F-A12","東急不動産 ブース","東急不動産株式会社","","","0.00","none",""
"272","3F-A13","COREBLAZER ブース","COREBLAZER","","","0.00","none",""
"273","3F-A14","Indie Games Pass ブース","Indie Games Pass (IGP)","","","0.00","none",""
"274","3F-A15","エヌビーゲームズ ブース","エヌビーゲームズ","","","0.00","none",""
"275","3F-A16","ブラックマジックデザイン ブース","ブラックマジックデザイン株式会社","","","0.00","none",""
"276","3F-A17","日本ギガバイト ブース","日本ギガバイト株式会社","","","0.00","none",""
"277","3F-A18","フリースタイル ブース","株式会社フリースタイル","","","0.00","none",""
"278","3F-A19","Rice Games ブース","Rice Games Inc.","","","0.00","none",""
"279","3F-A20","サイバーエージェント ブース","株式会社サイバーエージェント","","","0.00","none",""
"280","3F-A21","PixAI ブース","PixAI","","","0.00","none",""
"281","3F-A22","大阪電気通信大学 ブース","大阪電気通信大学","","","0.00","none",""
"282","3F-A23","遊び創り研究センター ブース","遊び創り研究センター","","","0.00","none",""
"283","3F-A24","AREA 35 ブース","AREA 35","","","0.00","none",""
"284","3F-A25","WhisperGames ブース","WhisperGames","","","0.00","none",""
"285","3F-A26","Meshy AI ブース","Meshy AI","","","0.00","none",""
"286","3F-B01","Indie-us Games ブース","Indie-us Games","","","0.00","none",""
"287","3F-B02","コーラス・ワールドワイド ブース","コーラス・ワールドワイド","","","0.00","none",""
"288","3F-B03","17-BIT ブース","17-BIT","","","0.00","none",""
"289","3F-B04","Black Tower Studios ブース","Black Tower Studios","","","0.00","none",""
"290","3F-B05","Graph ブース","Graph","","","0.00","none",""
"291","3F-B06","CANARY ISLANDS GAMES","CANARY ISLANDS GAMES","","","0.00","none",""
"292","3F-B07","Toge Production ブース","Toge Production","","","0.00","none",""
"293","3F-B08","Balor Games ブース","Balor Games","","","0.00","none",""
"294","3F-B09","あまた ブース","あまた株式会社","","","0.00","none",""
"295","3F-B10","大阪工業大学 ブース","大阪工業大学","","","0.00","none",""
"296","3F-B11","大阪情報コンピュータ専門学校","大阪情報コンピュータ専門学校","","","0.00","none",""
"297","3F-B12","京都デザイン&テクノロジー専門学校","京都デザイン&テクノロジー専門学校","","","0.00","none",""
"298","3F-B13","HYPER REAL ブース","HYPER REAL","","","0.00","none",""
"299","3F-B14","HARRISONWORLD ブース","HARRISONWORLD CO.,LTD.","","","0.00","none",""
"300","3F-B15","京都コンピュータ学院 ブース","京都コンピュータ学院","","","0.00","none",""
"301","3F-B16","Indie Game Lab Japon","Indie Game Lab Japon","","","0.00","none",""
"302","3F-B17","グラビティゲームアライズ ブース","グラビティゲームアライズ","","","0.00","none",""
"303","3F-B18","BeXide ブース","BeXide","","","0.00","none",""
"304","3F-B19","面白法人カヤック ブース","面白法人カヤック","","","0.00","none",""
"305","3F-B20","KADOKAWA Game Linkage","KADOKAWA Game Linkage","","","0.00","none",""
"306","3F-B21","Phoenixx ブース","Phoenixx","","","0.00","none",""
"307","3F-B22","Beep Japan ブース","Beep Japan","","","0.00","none",""
"308","3F-B23","lowiro ブース","lowiro","","","0.00","none",""
"309","3F-B24","オプテージ ブース","オプテージ","","","0.00","none",""
"310","3F-B25","HappyPlayer ブース","HappyPlayer","","","0.00","none",""
"311","3F-B26","MDEC ブース","Malaysia Digital Economy Corporation (MDEC)","","","0.00","none",""
"312","3F-B27","Double Fine Productions ブース","Double Fine Productions / Xbox Game Studios","","","0.00","none",""
"313","3F-B28","Soft Source ブース","Soft Source","","","0.00","none",""
"314","3F-B29","Gocha Gocha Games ブース","Gocha Gocha Games","","","0.00","none",""
"315","3F-B30","中野亘 × 宮澤卓宏 ブース","中野亘 × 宮澤卓宏","","","0.00","none",""
"316","3F-B31","ニューラルソフトウェア ブース","株式会社ニューラルソフトウェア","","","0.00","none",""
"317","3F-B32","Odencat ブース","Odencat","","","0.00","none",""
"318","3F-B33","灯白社 ブース","株式会社 灯白社","","","0.00","none",""
"319","3F-B34","ワンダーランドカザキリ ブース","ワンダーランドカザキリ","","","0.00","none",""
"320","3F-B35","KIC Games ブース","KIC Games","","","0.00","none",""
"321","3F-B36","ザクザクゲーム ブース","ザクザクゲーム","","","0.00","none",""
"322","3F-B37","THIRD ブース","THIRD","","","0.00","none",""
"323","3F-B38","アコードセブン ブース","株式会社アコードセブン","","","0.00","none",""
"324","3F-B39","Nestopi ブース","株式会社Nestopi","","","0.00","none",""
"325","3F-B40","Audiokinetic ブース","Audiokinetic株式会社","","","0.00","none",""
"326","3F-B41","総合地球環境学研究所 Sustai-N-ableプロジェクト","総合地球環境学研究所 Sustai-N-ableプロジェクト","","","0.00","none",""
"327","3F-B42","クアドラアニマ ブース","株式会社クアドラアニマ","","","0.00","none",""
"328","3F-B43","lablab ブース","lablab","","","0.00","none",""
"329","3F-BSGJ","BitSummit Game Jam","BitSummit","","","0.00","none",""
"330","3F-GCG","ゲームクリエイター甲子園","ゲームクリエイター甲子園","","","0.00","none",""
"331","1F-E11","『無双∞』公式物販ブース","株式会社クラウドイリュージョン","","","0.00","none",""